,Student_ID,Gender,Parental_Education,Attendance_Rate,Test_Scores,Socioeconomic_Status,Engagement_Score,Dropout_Risk
1,18,Female,Primary,73.56435837,5.617607735,Middle,0.147958334,1
2,19,Male,Tertiary,98.9552469,49.10957294,Low,0.984654478,0
3,17,Female,Tertiary,81.70710691,92.71106289,Low,0.209097365,1
4,19,Female,Secondary,56.31323708,10.53932181,Low,0.13035313,1
5,19,Male,None,83.8088781,76.44407281,Low,0.203534874,1
6,16,Female,Primary,66.25520077,40.96710534,Low,0.769061133,1
7,17,Female,Secondary,84.31635983,65.51737145,Low,0.425505659,0
8,17,Female,Tertiary,53.48205741,26.0236598,High,0.56541594,1
9,17,Male,Secondary,58.74407186,15.94922625,Middle,0.021009157,1
10,19,Female,Primary,92.78686295,16.04626143,Middle,0.034431309,1
11,18,Female,Secondary,61.35897785,7.049194564,High,0.44582555,1
12,17,Female,Secondary,91.85205626,18.56467049,High,0.816655243,1
13,20,Male,Secondary,63.96380442,66.4219385,Middle,0.885238879,1
14,19,Female,Primary,82.1440955,88.16906118,High,0.086706568,1
15,16,Male,Secondary,84.70752868,81.41256856,Low,0.538363102,0
16,18,Male,Secondary,75.63273766,68.51343099,Low,0.913229686,0
17,20,Male,Tertiary,65.26553383,11.04318634,Middle,0.387972754,1
18,20,Male,Primary,60.63221882,28.91874463,Middle,0.829565831,1
19,16,Male,Secondary,51.65946773,30.98068753,Middle,0.133695654,1
20,18,Male,Tertiary,65.19732006,24.99569464,Low,0.93539449,1
21,19,Female,Primary,82.65813953,51.50056597,Low,0.751423318,0
22,15,Male,Tertiary,96.91524092,53.55538149,Middle,0.941334393,0
23,18,Female,Secondary,93.56022411,35.68859752,Low,0.676617234,1
24,16,Female,None,88.30323883,35.37891587,Middle,0.363403932,1
25,20,Male,Primary,89.42236716,82.85555979,Middle,0.938181173,0
26,19,Female,Secondary,83.24924517,78.92928483,Middle,0.275566776,1
27,18,Female,None,63.01434288,30.77958317,Middle,0.332172522,1
28,15,Female,Secondary,95.35975154,91.37884439,High,0.700808418,0
29,15,Female,Primary,83.5366156,95.2815017,Middle,0.7653163,0
30,17,Male,Secondary,78.02203155,32.6742542,Middle,0.929403484,1
31,17,Female,None,55.54947346,35.44249488,Middle,0.204802409,1
32,16,Male,Tertiary,72.35277719,50.56341534,Low,0.797998035,1
33,18,Female,Tertiary,73.01791356,94.11208125,Low,0.738546053,1
34,18,Female,Tertiary,93.22818048,87.63194331,Low,0.063794556,1
35,20,Male,Secondary,77.33241101,10.25679626,Middle,0.387223141,1
36,20,Female,Primary,69.02002745,39.27307433,Middle,0.282765457,1
37,20,Female,Secondary,98.84001643,55.33711897,High,0.304490424,0
38,17,Female,None,55.53602967,50.31324726,Low,0.98294688,1
39,18,Male,None,71.12742142,19.38630679,Low,0.642777413,1
40,18,Female,Primary,52.10123376,85.88167712,High,0.717676158,1
41,15,Male,Secondary,86.99520604,67.6940783,Low,0.976617637,0
42,17,Female,Secondary,95.90382761,83.79083749,Middle,0.377201782,0
43,19,Male,Secondary,64.00186648,85.87642793,Middle,0.801840168,1
44,17,Male,Secondary,92.91708384,74.83558537,Middle,0.434530963,0
45,19,Female,Primary,64.61091152,43.92106012,Low,0.869533672,1
46,15,Female,Tertiary,95.53850808,61.0546755,Low,0.180657541,1
47,16,Male,Secondary,87.69809518,16.03654061,Low,0.947686177,1
48,18,Male,Secondary,90.24533884,67.36454175,Middle,0.218771708,1
49,15,Female,Primary,50.90032778,17.92532557,Middle,0.326220507,1
50,18,Male,Secondary,98.14051785,69.39495905,Low,0.756192234,0
51,20,Female,Secondary,86.3335496,22.95981608,Middle,0.393755142,1
52,16,Female,Primary,65.23755477,11.75513002,High,0.608211377,1
53,16,Female,None,91.46973324,16.52844901,Low,0.444573501,1
54,15,Female,Secondary,64.07605992,0.199213522,Middle,0.742369937,1
55,16,Male,Secondary,93.63769198,71.87396179,Middle,0.228331252,1
56,19,Female,Primary,55.62901952,73.24010491,Low,0.058457987,1
57,16,Male,Tertiary,85.18429887,51.49333499,Low,0.299929397,1
58,18,Female,Primary,77.03492383,16.13628011,Middle,0.474308665,1
59,18,Male,Secondary,54.82672351,8.355433751,High,0.168020052,1
60,18,Female,Tertiary,62.09469141,1.912896644,High,0.35479729,1
61,18,Male,Secondary,50.62020181,16.5748177,Middle,0.399983018,1
62,19,Male,Secondary,73.43839827,89.0855535,Middle,0.057391844,1
63,17,Female,Primary,65.06326304,24.15368417,Low,0.583307248,1
64,20,Female,Primary,79.91787421,35.42713272,Middle,0.884343428,1
65,15,Female,Tertiary,64.86189039,10.53454845,Middle,0.151742913,1
66,18,Female,Secondary,64.99595558,22.23613047,Low,0.597808013,1
67,16,Male,Tertiary,87.15965994,51.92245708,Middle,0.664739205,0
68,18,Female,Primary,52.4071418,60.77526831,Middle,0.41933468,1
69,16,Male,Primary,95.14474976,24.53523142,Low,0.701097587,1
70,20,Male,None,92.61319372,5.773215923,High,0.410731543,1
71,20,Female,Secondary,83.39023416,39.10328691,Low,0.504637288,1
72,20,Male,Primary,79.66107851,23.42033709,Low,0.007353045,1
73,16,Male,Tertiary,94.61512491,21.95539232,Low,0.691720114,1
74,18,Male,Secondary,59.26650898,95.98628027,Middle,0.661342679,1
75,20,Male,Tertiary,53.94845811,61.63004859,Middle,0.038400877,1
76,19,Female,Primary,61.9755085,55.68784432,Low,0.368250107,1
77,16,Female,Tertiary,89.72891394,41.57751035,Middle,0.979031841,0
78,16,Female,Secondary,51.73351334,42.89443334,Low,0.420736563,1
79,18,Female,Secondary,79.14034175,54.09050038,Middle,0.501945405,0
80,16,Male,Tertiary,99.77187581,69.6429807,Middle,0.909930158,0
81,16,Male,Secondary,92.78480469,70.21460962,Middle,0.717261876,0
82,20,Female,Secondary,76.07228445,17.16939077,High,0.582070131,1
83,18,Female,Primary,53.18204546,50.01127521,Low,0.797804681,1
84,20,Female,None,91.56867572,41.1958095,Low,0.864366266,0
85,20,Male,Tertiary,79.94892541,87.05269663,Middle,0.456888072,0
86,18,Female,Secondary,55.74664985,63.14189212,High,0.475108365,1
87,15,Female,Secondary,54.69286424,53.25040664,Low,0.386050936,1
88,20,Female,Secondary,95.48134097,11.53946422,Low,0.96670614,1
89,19,Male,Primary,83.46001315,60.56378893,Low,0.697166254,0
90,19,Male,Primary,91.46433997,11.72039057,Middle,0.083223066,1
91,16,Male,Secondary,93.94894501,33.72065756,Low,0.862959623,1
92,19,Male,Secondary,78.5886176,14.28419648,Middle,0.480559941,1
93,16,Male,Primary,75.87231759,69.2073647,High,0.068753906,1
94,15,Male,Secondary,71.52137052,20.62521138,Middle,0.549717255,1
95,18,Male,None,65.84732939,39.18593732,Low,0.417164279,1
96,18,Male,Secondary,71.72979804,89.56747776,Middle,0.877749405,1
97,18,Female,Primary,88.69398279,20.43163834,Low,0.203994604,1
98,19,Female,Secondary,80.09617155,50.7805064,High,0.826464609,0
99,15,Male,Primary,94.6261645,41.92716612,Middle,0.557688691,0
100,19,Male,Secondary,72.16900072,1.812404105,Low,0.054610303,1
101,19,Female,None,80.35447894,79.27581136,Middle,0.971845301,0
102,15,Male,None,81.56537765,6.904590631,Middle,0.512615244,1
103,15,Male,Primary,79.58485812,47.4255021,Middle,0.290876854,1
104,15,Male,Secondary,85.13168865,56.06782949,Low,0.469406842,0
105,15,Female,Secondary,61.87167342,62.84264566,High,0.857857784,1
106,18,Female,Primary,75.61818888,68.86316293,High,0.304903124,0
107,17,Female,Secondary,55.21124014,25.32723835,Middle,0.192676396,1
108,17,Female,Tertiary,69.22556638,0.997877666,High,0.129071247,1
109,15,Female,Secondary,74.38335343,72.34436624,Low,0.297859398,1
110,17,Male,None,82.61121298,53.56565993,Middle,0.780048087,0
111,17,Female,Secondary,97.52655263,83.61177032,Middle,0.471626365,0
112,15,Male,Primary,80.03255333,82.13883629,Middle,0.227481604,1
113,17,Male,Primary,87.17969581,84.33261678,Middle,0.166185,1
114,19,Female,Tertiary,75.31330297,48.509466,Low,0.332729477,0
115,16,Female,Primary,81.70520157,33.36283958,Low,0.939924373,1
116,16,Male,Secondary,53.54661081,79.15582026,Low,0.343026713,1
117,15,Male,Secondary,62.71957904,45.1294113,Low,0.988124076,1
118,18,Male,Secondary,68.09265466,18.34421964,Middle,0.485230456,1
119,15,Female,Secondary,73.62466775,85.49740196,Low,0.179163918,1
120,18,Female,None,52.28243728,88.25598768,Low,0.891140092,1
121,16,Female,Primary,57.00120488,46.63097561,Middle,0.460355373,1
122,15,Female,Secondary,63.84071539,7.569972731,Middle,0.709671344,1
123,20,Female,None,98.57663455,38.78260899,High,0.983711583,1
124,19,Male,Primary,66.56735036,80.35376595,Middle,0.05017535,1
125,17,Female,None,74.10205291,90.17740285,Low,0.09669456,1
126,18,Male,None,59.80488564,20.34727425,High,0.720456741,1
127,20,Male,Primary,80.53900355,6.697361203,Middle,0.281825003,1
128,17,Male,Primary,64.03416078,87.73504531,Low,0.184301397,1
129,17,Female,Secondary,60.34962892,38.9404939,Middle,0.03936188,1
130,15,Female,Secondary,75.82863142,54.17609643,High,0.021846712,1
131,17,Female,Tertiary,50.27528996,96.80658121,Low,0.774485603,1
132,19,Male,Primary,50.38320163,6.656472791,Low,0.134433427,1
133,20,Male,Primary,60.95344046,64.83180075,Low,0.467720616,1
134,17,Male,Primary,51.83606813,7.410542257,Low,0.605896815,1
135,15,Male,Secondary,55.40128771,37.54689285,Middle,0.428351801,1
136,19,Male,Secondary,66.94303247,80.38145452,Middle,0.027106652,1
137,16,Male,None,90.12928398,43.34722328,Low,0.783501503,0
138,20,Female,Tertiary,78.60243217,99.71823539,High,0.010513225,1
139,17,Female,None,75.6333863,55.90592849,Middle,0.761889894,0
140,15,Female,Secondary,64.67444116,32.11621526,Middle,0.893304494,1
141,16,Female,Secondary,96.58768597,22.01113259,High,0.432839921,1
142,16,Male,Tertiary,69.85075206,35.05205343,Low,0.535542473,1
143,18,Male,Secondary,54.35463834,37.25332738,Middle,0.476983393,1
144,19,Female,Tertiary,80.85332581,6.871367772,Middle,0.389208619,1
145,17,Male,Primary,55.69191967,36.95741994,High,0.887424535,1
146,15,Female,Tertiary,67.26115714,46.42385197,Middle,0.893933511,1
147,18,Female,None,75.37059694,72.27377522,Low,0.335816365,0
148,19,Female,Tertiary,93.71112623,65.67294847,High,0.615069754,0
149,18,Male,Secondary,74.67732902,70.87656552,Low,0.926907562,1
150,20,Female,Tertiary,85.1129383,0.836368188,High,0.962058499,1
151,19,Female,Secondary,99.64084195,21.76673996,High,0.50895904,1
152,19,Female,Secondary,56.57445599,66.16842884,Low,0.452824805,1
153,17,Male,Secondary,63.73657628,48.39893682,Middle,0.278694316,1
154,19,Male,Secondary,69.72880378,0.531347567,Low,0.958871873,1
155,18,Female,None,71.09140893,80.44946424,Middle,0.142814304,1
156,19,Male,None,70.55105376,77.28095733,Middle,0.579829576,1
157,17,Male,Primary,95.38055013,54.8419163,Middle,0.282550268,1
158,17,Male,Primary,85.70163222,6.646332578,High,0.27900829,1
159,20,Male,Tertiary,80.3952607,76.65150495,Middle,0.404968587,0
160,18,Male,Primary,65.46863589,58.37135877,Middle,0.998792936,1
161,16,Male,Tertiary,91.18951921,78.19599772,High,0.054966307,1
162,16,Male,Primary,97.75302557,75.17469924,High,0.578541818,0
163,19,Male,Primary,91.05991413,80.3002072,Low,0.082572158,1
164,20,Male,Secondary,50.07825526,51.80080664,High,0.15452083,1
165,15,Male,Secondary,81.82006851,14.03245182,Low,0.439562942,1
166,19,Female,Secondary,52.55676907,67.11574734,High,0.510460131,1
167,20,Female,Secondary,62.88036102,62.04737851,Low,0.258792408,1
168,18,Male,Secondary,52.97623502,74.22531872,Low,0.316457131,1
169,18,Female,Primary,80.18977265,16.98810061,Middle,0.08696702,1
170,18,Female,Tertiary,84.32949567,19.49751999,Middle,0.303219784,1
171,18,Male,Tertiary,55.7243819,89.04095172,Low,0.966558439,1
172,18,Male,Secondary,69.19194415,74.99777985,Low,0.944707382,1
173,20,Male,Primary,72.81182545,90.82284887,Middle,0.33487829,1
174,20,Female,Secondary,68.45265109,75.87153212,High,0.570853936,1
175,17,Female,None,56.05125002,59.7155306,Low,0.909595391,1
176,16,Male,None,70.94738951,65.4132737,Low,0.006183823,1
177,18,Male,Primary,87.55890239,88.91279239,Middle,0.81068357,0
178,15,Male,Secondary,53.55038323,57.88067545,Low,0.948369553,1
179,20,Female,Tertiary,54.0090007,63.23913243,High,0.091325734,1
180,15,Female,Secondary,67.73856459,15.6476716,High,0.161447686,1
181,15,Female,Secondary,97.08628558,47.39212201,Middle,0.960746303,0
182,15,Female,Secondary,83.42863234,71.6397112,Low,0.537540144,0
183,17,Male,Primary,83.93349783,27.09426983,Middle,0.014196634,1
184,20,Male,Primary,68.09599954,20.22541805,Middle,0.257631999,1
185,15,Male,Tertiary,79.68303956,31.38268082,High,0.449943674,1
186,18,Male,None,50.5065592,24.1500628,Middle,0.692908911,1
187,19,Female,Tertiary,81.80480232,21.4912637,Middle,0.733160378,1
188,15,Female,Secondary,95.66434738,42.48508429,Middle,0.995421513,0
189,17,Male,Secondary,80.62867342,90.78385139,Middle,0.287511199,1
190,20,Male,Secondary,93.68492967,50.70596467,High,0.538220102,0
191,17,Female,Secondary,86.19865277,18.79203808,Middle,0.533323548,1
192,15,Male,Tertiary,56.02792082,7.697166938,Middle,0.405645259,1
193,20,Female,Tertiary,95.12266536,69.61561451,Low,0.169161894,1
194,19,Male,Secondary,53.32219222,38.27987644,Middle,0.977456563,1
195,15,Male,Primary,76.69837363,82.18309466,Middle,0.853317187,0
196,17,Male,Secondary,57.10685619,65.95107686,Low,0.498333028,1
197,16,Male,Tertiary,50.58533054,79.62414505,Low,0.603245423,1
198,18,Male,Primary,71.10171301,27.19460394,Middle,0.227261054,1
199,17,Male,Secondary,64.75203538,69.23589225,Middle,0.54378707,1
200,20,Male,Secondary,74.30002469,26.40619847,Middle,0.694970133,1
201,15,Female,Secondary,78.85999434,93.90684795,Low,0.515167028,0
202,18,Female,Primary,52.18695362,63.63742815,Middle,0.990285171,1
203,15,Female,Secondary,56.15016476,32.45118002,Low,0.611341656,1
204,20,Female,Tertiary,77.93211982,26.95118623,Middle,0.370973713,1
205,15,Female,Primary,67.15836766,19.09265851,Low,0.772152028,1
206,16,Male,Primary,86.45867438,69.46409589,Low,0.170462512,1
207,18,Male,Tertiary,82.61458243,21.8715613,Low,0.384515814,1
208,18,Female,Primary,92.28021815,59.53032659,Low,0.34695895,0
209,20,Male,Tertiary,84.62464133,26.46350269,Low,0.431807095,1
210,16,Female,Secondary,71.49655387,66.19689448,Low,0.781779826,1
211,17,Female,Primary,83.64833112,81.49397285,Middle,0.484173032,0
212,15,Male,Tertiary,63.76905871,77.80252431,Middle,0.79401445,1
213,19,Male,Secondary,65.31567494,76.08513309,Low,0.576488903,1
214,15,Male,Secondary,89.449258,18.77224057,High,0.342069435,1
215,15,Female,Primary,72.32097582,8.838494698,Low,0.809978744,1
216,17,Male,Secondary,89.91901703,69.89488285,Middle,0.238289671,1
217,15,Female,Primary,91.12111868,36.83472138,Low,0.22438298,1
218,16,Female,Primary,92.87811688,43.23462264,Low,0.504502924,0
219,16,Female,Tertiary,95.83176179,3.114909279,Middle,0.260849246,1
220,18,Male,Primary,71.54926103,25.95764493,Middle,0.009087035,1
221,20,Male,Secondary,65.94334092,3.367640387,High,0.648297527,1
222,19,Female,Primary,79.10993733,87.91857726,Middle,0.511093821,0
223,15,Male,Secondary,68.55862117,24.33966832,High,0.445517814,1
224,15,Male,Primary,80.05370834,55.73371696,Low,0.966968515,0
225,17,Male,Tertiary,85.27929313,3.897932066,Low,0.571199184,1
226,20,Female,Secondary,84.42025092,66.68473913,Low,0.863431578,0
227,16,Female,Primary,68.72764435,32.30273458,Low,0.139450236,1
228,19,Male,None,58.34301008,89.7919187,Middle,0.569206463,1
229,18,Female,Primary,71.52646692,88.81181889,Middle,0.867979627,1
230,16,Male,Secondary,57.1297072,32.52906184,Low,0.583105757,1
231,20,Male,Primary,94.50485176,90.09608957,High,0.718014178,0
232,18,Male,Tertiary,67.29387304,99.61576735,High,0.372043568,1
233,17,Male,Secondary,57.72298736,82.54156641,Low,0.092449517,1
234,17,Female,Primary,51.272388,84.48713478,Low,0.457900295,1
235,15,Female,Secondary,82.29111931,24.90087361,Low,0.394479391,1
236,20,Female,Secondary,81.84511587,57.67023989,Low,0.867060182,0
237,19,Male,Primary,67.03020833,6.725591397,Low,0.243995302,1
238,18,Male,Primary,53.58559444,9.491793682,Middle,0.966734228,1
239,16,Male,None,70.48144474,99.8892612,Low,0.95813812,1
240,20,Female,Secondary,65.56087475,32.66392494,Low,0.247631643,1
241,20,Male,Secondary,83.85603199,74.8183912,High,0.348051955,0
242,17,Female,Secondary,80.28896247,80.6665053,Middle,0.895555741,0
243,15,Female,Tertiary,68.22968641,85.8023271,High,0.966622221,1
244,15,Female,Tertiary,60.89462771,99.76282974,Low,0.443439103,1
245,18,Female,Secondary,99.40179831,24.14964853,Low,0.320997046,1
246,17,Female,Tertiary,72.70008106,4.035082686,Middle,0.526094013,1
247,20,Female,Primary,84.41371179,41.1191518,Low,0.687769206,0
248,19,Male,Primary,57.02764838,13.00806698,Low,0.273474515,1
249,17,Male,Primary,74.27948498,2.242588916,Middle,0.736473175,1
250,18,Female,None,51.37683599,36.04268271,Middle,0.051657357,1
251,18,Female,Secondary,75.2727559,78.37382511,Middle,0.049294493,1
252,17,Male,Tertiary,98.20087036,56.61806912,Middle,0.386287705,0
253,18,Female,None,69.21033565,31.27779892,Middle,0.353473192,1
254,17,Female,Primary,51.94980063,65.43420055,Low,0.315633215,1
255,16,Male,Secondary,51.54778955,23.20181803,Low,0.491019763,1
256,17,Female,Tertiary,69.399338,1.438144607,Low,0.320733582,1
257,17,Female,Primary,58.00124682,76.43533864,Low,0.192257918,1
258,18,Female,Secondary,51.16760482,62.37430849,High,0.309469549,1
259,18,Male,None,87.8106807,76.23026245,Middle,0.974904273,0
260,15,Male,Primary,72.92615044,3.893801669,Middle,0.411113417,1
261,15,Male,Tertiary,64.4622386,83.71196278,Low,0.444712777,1
262,16,Female,Tertiary,95.00415915,61.95262,Low,0.57654499,0
263,15,Female,None,55.80694801,56.33953507,Low,0.983340768,1
264,17,Male,Tertiary,97.79594145,62.46140481,Low,0.241601276,1
265,18,Female,Secondary,65.69833587,86.44332469,Low,0.681282111,1
266,15,Female,Tertiary,94.42018362,58.69365066,Middle,0.715984694,0
267,15,Female,Secondary,80.14714382,58.09503799,Middle,0.607324417,0
268,16,Female,Secondary,91.33536799,99.06791571,Middle,0.08857834,1
269,20,Female,Secondary,99.20065816,75.67301671,Middle,0.676872276,0
270,16,Male,Secondary,64.42027189,44.22938055,High,0.064094711,1
271,17,Female,Primary,98.05677427,70.7397,Low,0.59614265,0
272,18,Male,None,69.47409475,38.92304717,Low,0.739581177,1
273,16,Female,Primary,69.27559524,22.88754625,Low,0.210969891,1
274,15,Male,Secondary,67.01935521,59.68518769,Middle,0.841622008,1
275,18,Female,Primary,77.07038037,92.81820981,High,0.030353806,1
276,18,Male,Secondary,57.70725216,92.913952,Low,0.843812864,1
277,15,Female,Tertiary,77.68557427,34.19052781,High,0.460329051,1
278,16,Male,None,77.08524062,52.76774662,High,0.21758794,1
279,15,Female,Secondary,88.09509063,21.16358986,Low,0.133778145,1
280,20,Male,Secondary,91.6824981,99.56311095,Low,0.953307168,0
281,18,Female,Tertiary,72.02206752,98.11179079,Middle,0.072665588,1
282,19,Male,Primary,65.11666247,64.95089297,High,0.19909342,1
283,19,Male,Secondary,62.96674487,80.44140597,Low,0.347822347,1
284,17,Female,Tertiary,59.73119184,71.51001613,Middle,0.620234849,1
285,15,Female,Tertiary,52.88237911,59.3158219,Low,0.544801085,1
286,15,Male,Secondary,67.12239894,5.334799699,Middle,0.125643492,1
287,17,Female,Secondary,63.51238461,45.47643426,Middle,0.289727984,1
288,17,Male,Secondary,98.32086929,67.47863022,Middle,0.238751771,1
289,17,Male,Tertiary,77.88544131,67.75316139,High,0.213542854,1
290,18,Male,Secondary,67.36385195,37.31226184,High,0.411144336,1
291,20,Female,None,79.02338005,94.16919867,High,0.704031453,0
292,15,Male,Tertiary,56.95983507,16.73570322,Low,0.217452932,1
293,18,Male,Secondary,72.20218746,50.03594462,Middle,0.36667888,1
294,17,Female,Secondary,81.31171607,69.08839766,Low,0.390917427,0
295,15,Female,Primary,74.44489159,69.71358059,Middle,0.976456529,1
296,18,Female,Secondary,70.08894003,64.86389568,Middle,0.954666357,1
297,20,Female,Primary,99.69241944,27.52882135,Middle,0.800137583,1
298,18,Male,Secondary,94.01573811,15.62065687,Middle,0.241658921,1
299,20,Male,Primary,81.17029791,63.59403268,High,0.068037314,1
300,17,Male,Secondary,78.46886806,59.93021161,Low,0.316904138,0
301,20,Male,Tertiary,81.03302399,17.93560103,Middle,0.266794549,1
302,15,Female,None,60.06560539,70.51391456,Low,0.5059258,1
303,17,Male,Tertiary,69.75688716,45.51719917,Low,0.77772791,1
304,15,Male,Secondary,51.97297664,66.77605916,Low,0.858322939,1
305,19,Female,Tertiary,73.77730187,83.73670798,High,0.844864085,1
306,16,Male,Secondary,77.1512292,16.97284286,High,0.359675561,1
307,20,Male,Secondary,61.38748681,1.9144868,High,0.687234343,1
308,16,Male,Secondary,98.20144236,77.91025864,High,0.312834198,0
309,16,Male,Tertiary,95.47273055,60.96974252,Low,0.060905543,1
310,20,Male,Secondary,86.10716177,69.96395696,Low,0.701565266,0
311,17,Male,Primary,76.66933144,83.8154975,Middle,0.009827553,1
312,19,Female,Secondary,93.49845798,80.28109348,Middle,0.409182587,0
313,15,Female,Tertiary,56.53261719,96.09201469,Middle,0.329379269,1
314,18,Male,Secondary,89.52548971,53.59350789,Low,0.693377539,0
315,15,Male,Secondary,56.2410407,48.84956327,Middle,0.766245473,1
316,18,Female,Secondary,89.71053313,40.18871999,Middle,0.304094636,0
317,15,Male,Tertiary,63.78837841,15.36910428,Low,0.811627014,1
318,20,Male,Primary,93.85452905,57.26072329,Middle,0.293916761,1
319,19,Male,Secondary,97.20210469,27.70125243,Middle,0.44632636,1
320,18,Female,None,57.43979847,92.13075122,Middle,0.727018527,1
321,17,Male,Primary,73.13378025,58.31908043,Low,0.692920229,1
322,15,Female,Primary,99.04936891,59.28401805,Middle,0.987368472,0
323,15,Male,Primary,74.1703718,35.49246609,Low,0.225161024,1
324,18,Female,Secondary,93.17737613,5.198935198,Low,0.662317914,1
325,17,Female,Primary,79.43657611,3.174376537,Middle,0.609681908,1
326,17,Male,Secondary,68.7664954,42.33351442,Middle,0.915098454,1
327,20,Female,Primary,64.28917778,8.45653781,Low,0.156362142,1
328,20,Male,Primary,60.16115455,60.68469555,Middle,0.751798164,1
329,20,Female,Primary,88.08990957,88.09730056,Middle,0.568268616,0
330,20,Male,None,69.32702534,88.29148165,Middle,0.27466587,1
331,20,Male,Secondary,75.56377311,65.90454101,Middle,0.474434914,0
332,20,Female,Secondary,74.616274,21.12318315,Middle,0.333776597,1
333,19,Male,Secondary,78.86395146,86.29968314,Middle,0.579313403,0
334,17,Male,Secondary,93.27885728,88.60934353,Low,0.889000611,0
335,20,Female,Primary,99.03696718,19.6653585,Low,0.569304984,1
336,17,Male,Tertiary,70.37921043,73.74260858,Middle,0.631722418,1
337,17,Male,Secondary,91.37594611,28.65195489,Middle,0.518747847,1
338,16,Female,Secondary,88.22638973,80.26403124,Middle,0.051165506,1
339,19,Female,None,78.67644757,99.72378999,Low,0.232858557,1
340,20,Male,Primary,97.80235718,3.002600533,Low,0.492001729,1
341,15,Male,Primary,60.02372578,89.73658658,Middle,0.310235284,1
342,18,Female,Primary,55.46321052,62.26305336,Low,0.181763598,1
343,15,Female,Secondary,92.69809835,97.33826192,Middle,0.504132842,0
344,19,Male,Secondary,71.95749083,46.50095175,Low,0.322809793,1
345,18,Female,Secondary,92.34844271,84.73879306,Middle,0.258107643,1
346,19,Male,Secondary,94.65451026,6.23940686,High,0.463985417,1
347,17,Male,Tertiary,53.12287968,33.52790501,Low,0.133284258,1
348,18,Male,Secondary,94.17323815,6.701653775,Middle,0.927745733,1
349,17,Male,Tertiary,72.41595277,97.53431335,Low,0.867702098,1
350,15,Male,None,75.52162445,81.69739073,Middle,0.707620586,0
351,15,Female,Primary,81.32962555,85.25474212,Middle,0.106213828,1
352,18,Female,None,96.31913034,93.79652314,Middle,0.775877254,0
353,18,Female,Secondary,50.95580472,8.510348612,Middle,0.807957328,1
354,20,Female,Tertiary,73.84217342,38.55975925,High,0.767764618,1
355,19,Male,Primary,84.38610212,7.103488904,Low,0.113965887,1
356,20,Male,Tertiary,86.13534788,21.07931016,Low,0.643907957,1
357,19,Male,None,84.62662158,22.9365777,High,0.834324796,1
358,20,Male,Tertiary,56.72175647,46.9107211,Middle,0.577353401,1
359,17,Female,Primary,64.96977942,26.85621675,High,0.646407375,1
360,18,Male,Primary,67.93577627,10.09781068,Middle,0.458363479,1
361,15,Male,Secondary,90.22186038,16.74910891,High,0.52870732,1
362,19,Female,Primary,63.93799362,14.72755636,Middle,0.034376858,1
363,19,Female,Primary,60.53524819,97.30767979,Middle,0.638963022,1
364,15,Female,Primary,97.87240095,75.92925069,High,0.081447213,1
365,20,Female,Tertiary,50.44316426,96.77614653,Middle,0.435014594,1
366,19,Male,Secondary,99.89104278,43.97404865,Low,0.292655098,1
367,17,Male,Primary,83.84106494,27.83684817,Low,0.54542795,1
368,18,Female,Secondary,91.42346497,79.82931972,Low,0.133416336,1
369,15,Male,Secondary,64.73096982,32.6253918,Low,0.691643402,1
370,18,Male,Primary,50.71576388,29.93833737,Low,0.795011537,1
371,19,Male,Secondary,86.89347593,23.25059922,Middle,0.16335445,1
372,19,Female,Primary,91.70722985,12.96789782,Middle,0.104313087,1
373,15,Male,Primary,87.0238066,25.6463061,Middle,0.145515483,1
374,17,Female,Secondary,57.14251437,35.53197485,Middle,0.877127562,1
375,16,Male,Primary,87.67139611,67.39942081,Low,0.528189262,0
376,15,Male,Secondary,88.44613911,6.256484222,Low,0.467260996,1
377,16,Male,Secondary,82.92702578,21.05069397,Low,0.106711819,1
378,20,Female,Primary,88.30579664,80.90236403,Middle,0.649556007,0
379,16,Male,Secondary,92.29607198,14.69219236,Low,0.867999592,1
380,17,Female,Primary,80.68020571,34.26451465,Low,0.828185869,1
381,20,Female,Tertiary,54.4302357,86.46589219,Middle,0.626054709,1
382,16,Female,Secondary,74.38139048,15.49253111,High,0.075278717,1
383,20,Male,Tertiary,53.88246673,8.273683562,Low,0.112397027,1
384,16,Male,Secondary,70.37715155,48.45379951,Middle,0.049308987,1
385,17,Male,None,70.35532446,30.24195113,Middle,0.257479216,1
386,16,Male,Secondary,53.30049221,56.34083645,Middle,0.135661467,1
387,16,Female,Tertiary,67.4410267,80.38048905,High,0.26004804,1
388,16,Female,Secondary,55.54990494,13.71484882,Low,0.385058056,1
389,15,Female,Tertiary,90.4117605,58.06990846,Low,0.942982784,0
390,15,Male,Tertiary,97.3844013,50.55087604,High,0.61037606,0
391,15,Female,Primary,53.61582376,14.4078786,Middle,0.834973786,1
392,17,Male,Primary,97.75576036,62.39984855,Middle,0.710351501,0
393,20,Female,Secondary,76.12882997,27.36404179,Middle,0.112503131,1
394,19,Male,Secondary,64.9782839,48.78343185,Middle,0.735920406,1
395,16,Male,Tertiary,53.84310376,8.227232428,High,0.275098882,1
396,16,Female,Tertiary,75.0312134,45.95840572,High,0.639107847,0
397,17,Female,Primary,89.72577722,30.6463468,Middle,0.340961974,1
398,16,Female,Primary,85.35432386,82.23812112,Low,0.997672263,0
399,15,Female,Secondary,52.51130057,5.6978727,High,0.263551479,1
400,19,Male,Primary,53.64509177,41.86072749,Low,0.279130471,1
401,18,Female,Tertiary,70.14366413,45.84314241,Low,0.930672256,1
402,16,Female,Secondary,64.7645247,72.50060763,High,0.024644405,1
403,15,Female,Secondary,61.61921615,57.42875751,Low,0.696688988,1
404,18,Male,None,64.05022495,66.72123372,Low,0.725326391,1
405,19,Male,Secondary,90.17413716,77.70492857,Low,0.836378577,0
406,18,Female,Secondary,96.46140268,86.22029737,High,0.974439311,0
407,15,Male,Secondary,70.25513473,31.38754967,Middle,0.975601919,1
408,20,Female,Primary,95.30555011,53.80227054,Middle,0.065276758,1
409,20,Male,Secondary,66.07478506,84.01080784,Low,0.821839323,1
410,18,Male,Tertiary,73.82184932,98.9451131,Middle,0.646309934,1
411,17,Male,Primary,61.30144989,88.9519311,Middle,0.647342134,1
412,18,Male,None,82.02380211,37.14672626,Low,0.128349927,1
413,16,Female,None,98.94905576,19.51665172,Middle,0.650187166,1
414,16,Female,Secondary,80.1746548,48.93925374,Low,0.982482581,0
415,20,Female,Secondary,67.89070421,74.16414518,High,0.91181857,1
416,17,Male,Secondary,82.3908723,49.25690708,Middle,0.439130661,0
417,15,Female,Primary,56.14603392,48.31808633,High,0.039947973,1
418,16,Female,Primary,94.43295401,83.82304211,Low,0.36229349,0
419,20,Female,Secondary,75.15419754,36.14037791,Middle,0.826390312,1
420,19,Male,Secondary,72.4674871,85.97946748,Middle,0.701499101,1
421,20,Male,Tertiary,79.29323942,40.6804801,Middle,0.459343656,0
422,16,Male,Primary,81.23919314,32.82331057,High,0.055101535,1
423,16,Female,Secondary,53.58879031,45.39899112,Low,0.426894728,1
424,20,Female,Secondary,84.13086106,76.24469587,Low,0.46902494,0
425,15,Female,Secondary,62.09658402,12.60020279,Middle,0.928555533,1
426,18,Male,Secondary,85.69763163,19.64192159,Middle,0.641086104,1
427,16,Male,Secondary,91.12673972,95.14448257,Middle,0.311652917,0
428,20,Female,Tertiary,90.19792538,17.54916274,Low,0.525318264,1
429,20,Male,Primary,77.62504837,56.77273179,Middle,0.066055308,1
430,17,Male,Primary,76.00849462,57.93144667,Low,0.972568236,0
431,18,Male,Secondary,57.14379807,48.96244621,Middle,0.360059902,1
432,19,Male,Secondary,88.76730752,64.47452486,Middle,0.477867355,0
433,15,Female,Primary,63.57046902,22.98267258,Middle,0.355283974,1
434,19,Male,None,74.83477114,55.26622678,Low,0.68251173,1
435,18,Male,None,64.21370465,37.21732552,Middle,0.662232158,1
436,18,Male,Tertiary,56.69141815,66.16672596,Low,0.715322311,1
437,18,Male,Primary,81.47788484,14.12235434,Low,0.26814323,1
438,19,Female,Primary,52.71660174,57.08774168,Middle,0.315668481,1
439,18,Female,Primary,87.43226171,18.52703554,High,0.125251231,1
440,20,Male,Primary,65.87933976,27.86430631,Low,0.655509972,1
441,19,Male,None,50.00673465,21.87098003,Middle,0.039797127,1
442,18,Male,Secondary,75.55645696,18.28377799,High,0.597682336,1
443,20,Male,None,52.34259543,82.57109516,High,0.869695885,1
444,17,Male,Tertiary,63.80847789,28.57075677,Low,0.890832148,1
445,18,Male,Primary,85.34882437,92.71237819,High,0.44903776,0
446,19,Female,Secondary,53.13448108,96.99265253,Low,0.459303688,1
447,16,Male,Tertiary,91.96692462,57.12604699,Low,0.076969183,1
448,18,Female,Secondary,50.19099613,14.30011227,Low,0.670765025,1
449,16,Female,Secondary,62.34119346,37.45482434,Middle,0.82125942,1
450,20,Male,Primary,87.04520281,79.77322633,Low,0.244655055,1
451,17,Female,Primary,65.81350749,36.73907287,Low,0.421300882,1
452,15,Female,Secondary,55.0946194,8.70172183,Low,0.838839337,1
453,17,Female,Tertiary,68.01169594,55.67849109,High,0.877120468,1
454,18,Female,Secondary,63.51966432,84.51208515,High,0.24317998,1
455,16,Female,Secondary,92.13559511,79.59263871,Low,0.550570635,0
456,16,Female,Secondary,65.66739588,17.51231401,High,0.192493151,1
457,19,Male,Secondary,89.44662359,67.27646144,High,0.101878764,1
458,16,Female,None,94.59360724,22.05042634,Middle,0.911120501,1
459,19,Female,Secondary,71.69087098,21.82075346,Low,0.820507504,1
460,20,Female,Tertiary,95.49715719,87.40717733,Middle,0.760034902,0
461,15,Male,Primary,68.8659027,24.96689527,High,0.048766319,1
462,18,Female,Secondary,98.20392082,26.32473465,Middle,0.843728793,1
463,19,Male,Primary,54.46447623,0.065339076,Low,0.438044076,1
464,15,Female,Secondary,84.35096333,87.06690341,Middle,0.342395123,0
465,16,Male,None,74.69070202,79.25948132,Middle,0.546476361,1
466,16,Male,Secondary,69.38244027,62.73289351,Middle,0.091353243,1
467,15,Female,Secondary,81.63559394,75.02657639,Low,0.756646549,0
468,16,Female,Primary,85.19285458,15.20485674,Low,0.582435077,1
469,20,Male,Secondary,50.21816348,45.83235946,High,0.186590097,1
470,20,Female,Secondary,58.34765444,35.12193873,High,0.1882322,1
471,15,Male,Tertiary,85.65230253,9.377652626,Low,0.184248652,1
472,19,Male,Primary,83.31927068,48.61304852,High,0.057002388,1
473,19,Male,Primary,98.30237526,92.07396503,Low,0.587798449,0
474,15,Male,Primary,88.05188951,4.005911905,Middle,0.840348178,1
475,19,Male,Tertiary,97.53863539,29.14609135,Middle,0.017498214,1
476,19,Female,Tertiary,85.12702508,20.75409362,High,0.049004645,1
477,20,Male,Secondary,64.90261043,23.81466537,High,0.572770277,1
478,19,Male,Tertiary,55.26824611,90.84345519,Low,0.819495685,1
479,17,Female,Secondary,89.09119317,46.80690542,High,0.326738891,0
480,18,Male,Secondary,82.20746107,46.62994129,Low,0.349614399,0
481,16,Female,None,52.40930062,76.05756425,Middle,0.596346497,1
482,17,Female,Secondary,68.0025233,15.4492204,Middle,0.274212889,1
483,19,Female,Primary,97.83999077,48.72653541,Middle,0.026608366,1
484,20,Male,Tertiary,75.02005729,42.99852141,Low,0.735228518,0
485,15,Male,Secondary,71.6364568,59.69106905,High,0.625649913,1
486,19,Male,Secondary,72.88498026,99.95577033,Low,0.580755999,1
487,20,Female,None,60.4441362,76.94488941,Low,0.741684129,1
488,18,Male,Primary,68.43535854,39.7865703,Middle,0.675230838,1
489,19,Female,Primary,68.4906628,82.75530523,Middle,0.205881988,1
490,15,Male,Primary,52.61775101,17.07083633,High,0.352481047,1
491,20,Female,None,88.37838143,3.046368631,Low,0.126110142,1
492,20,Male,Tertiary,70.8252216,20.44483725,Low,0.129857013,1
493,20,Male,Secondary,91.10899434,34.04115561,High,0.676195746,1
494,18,Male,Primary,92.51740006,51.05807575,Middle,0.858600107,0
495,19,Female,Primary,60.59970273,61.51291405,Low,0.962732584,1
496,18,Female,Secondary,82.86767411,91.06057172,Middle,0.628347118,0
497,16,Male,Secondary,73.61409021,50.98540096,Middle,0.184101323,1
498,16,Male,Secondary,94.0078369,50.12756446,Middle,0.105650345,1
499,19,Female,Tertiary,60.78703396,5.024300982,Middle,0.812850972,1
500,18,Female,Secondary,83.89066002,3.491155266,High,0.578756476,1
501,15,Female,Tertiary,80.38760611,55.11599619,High,0.618285021,0
502,20,Male,Tertiary,64.76507388,43.81786132,Middle,0.781462089,1
503,20,Female,Primary,56.83004518,83.9180395,Low,0.703277228,1
504,19,Male,Tertiary,82.58198802,16.06795847,High,0.834458253,1
505,16,Female,Primary,86.92987291,2.497166212,Middle,0.056213905,1
506,16,Male,Tertiary,65.78136719,44.90387679,Middle,0.747520637,1
507,20,Female,Primary,82.2416302,23.74785568,Low,0.850852757,1
508,19,Female,Tertiary,69.75654538,4.961437334,High,0.286135042,1
509,18,Female,Tertiary,85.66034416,72.45982868,Middle,0.640447274,0
510,16,Female,Tertiary,59.96076374,11.1593,Low,0.314162064,1
511,18,Female,Secondary,94.51075013,60.83195,Middle,0.957971066,0
512,16,Male,Primary,64.37047982,28.10497502,High,0.033423572,1
513,16,Female,None,68.38929939,17.34960504,Low,0.579792844,1
514,17,Female,Secondary,52.9045976,37.97515229,High,0.166503547,1
515,16,Female,Primary,55.57561062,80.14457762,Middle,0.712220205,1
516,15,Male,Secondary,75.79309514,39.20935769,Middle,0.175890283,1
517,19,Female,Primary,63.37963384,75.07696492,Low,0.235383262,1
518,19,Male,Tertiary,91.77401129,12.54862968,Low,0.494370811,1
519,18,Female,Secondary,50.73466943,77.27714197,High,0.91483495,1
520,16,Female,Tertiary,68.95470243,23.69333249,Low,0.211714372,1
521,15,Male,Primary,66.86727734,67.73931299,Middle,0.144240021,1
522,18,Female,Tertiary,50.96638155,56.57815548,Low,0.758976832,1
523,17,Male,Tertiary,56.21841995,92.91447172,Low,0.500619532,1
524,18,Male,Secondary,70.68213375,38.7322518,Low,0.911785112,1
525,18,Female,Secondary,74.64322922,6.616518883,Middle,0.146614557,1
526,16,Male,Secondary,70.21448736,1.915548555,High,0.645927893,1
527,17,Female,Primary,76.54688392,82.6858561,Low,0.232879146,1
528,18,Female,Secondary,79.75658375,52.47356377,Low,0.156760429,1
529,15,Male,Primary,50.49619106,77.52440518,Low,0.683429415,1
530,15,Male,Primary,73.20475797,23.44256,Middle,0.59368462,1
531,19,Male,Primary,98.17496204,34.50837455,Middle,0.754827458,1
532,17,Male,None,75.95161401,3.010387221,High,0.309462576,1
533,17,Female,None,83.87711337,96.14923246,Middle,0.447971656,0
534,19,Female,Primary,65.5931929,66.78679067,Middle,0.405471676,1
535,18,Male,Tertiary,88.69956891,93.32050878,Low,0.984089464,0
536,17,Female,Secondary,88.64607409,26.54964074,High,0.292248957,1
537,15,Female,Tertiary,76.06480238,61.14636112,Low,0.294817238,1
538,15,Female,Secondary,98.80069116,67.84999683,Low,0.354548209,0
539,16,Female,Primary,56.27751074,31.75497003,Middle,0.564594081,1
540,17,Male,Secondary,50.84738324,84.8109235,Middle,0.252322744,1
541,18,Male,Secondary,88.50791059,94.71614629,Middle,0.91528994,0
542,19,Female,Primary,90.35777687,88.48551177,Middle,0.265685565,1
543,19,Male,Secondary,56.01036146,73.90669759,Middle,0.895815732,1
544,18,Male,Primary,63.27914165,27.74646797,Low,0.103475064,1
545,20,Male,Secondary,50.87761817,28.16160421,High,0.656562702,1
546,16,Female,Secondary,64.66543054,96.33603204,Middle,0.906985518,1
547,19,Female,Primary,88.6570937,1.028449594,Middle,0.168749438,1
548,17,Female,None,75.89802639,71.60499732,Middle,0.96832696,0
549,16,Male,Secondary,67.40477966,70.62461626,Low,0.45288336,1
550,17,Female,Secondary,68.58696475,62.26895409,Middle,0.945715108,1
551,15,Female,None,50.06768129,99.01088461,Middle,0.676820044,1
552,16,Male,Tertiary,64.99002638,31.18794358,Low,0.30158687,1
553,19,Female,None,82.32293708,33.99718638,Middle,0.188302525,1
554,16,Female,Secondary,98.70972219,7.893940295,High,0.303735046,1
555,16,Male,Tertiary,92.35304135,44.27981365,Middle,0.093017409,1
556,16,Male,Primary,51.17974823,26.10485262,High,0.143867966,1
557,20,Male,Primary,94.92803023,34.33867022,Low,0.10466044,1
558,16,Female,Primary,89.15992066,83.45717903,Low,0.422943544,0
559,17,Female,Primary,89.01880618,93.54845135,Low,0.795578376,0
560,15,Female,Primary,72.89978795,18.5733072,Middle,0.141383554,1
561,18,Male,Secondary,69.90026465,37.25089316,Low,0.130320433,1
562,16,Male,None,65.14578644,92.86305621,Low,0.64342895,1
563,19,Female,Secondary,53.28474295,6.180846069,High,0.197182982,1
564,16,Female,Tertiary,61.41176817,9.236052811,High,0.097610038,1
565,19,Male,Tertiary,62.33018175,16.27909892,Middle,0.166848578,1
566,17,Male,Secondary,74.20385349,59.52128341,Low,0.923731396,1
567,19,Male,Primary,87.37222033,15.0472271,Low,0.821471253,1
568,18,Male,Secondary,73.69049142,96.80763815,Low,0.354064562,1
569,15,Female,Secondary,52.89222247,44.67145273,Middle,0.655820767,1
570,19,Male,Secondary,97.88949005,50.15179604,High,0.537275674,0
571,19,Female,Primary,97.13621595,24.66586158,Middle,0.677124263,1
572,15,Female,Tertiary,89.25947716,47.09602524,Low,0.682671152,0
573,18,Female,Secondary,99.56639508,66.19136326,Middle,0.628734015,0
574,16,Male,Primary,77.22411664,75.1177137,Low,0.266101369,1
575,19,Male,Primary,98.13841751,75.38680827,Low,0.039006421,1
576,15,Male,Secondary,53.78025203,57.78911127,Middle,0.455566782,1
577,17,Male,Tertiary,68.28403741,90.4359775,Middle,0.890973885,1
578,15,Female,Secondary,61.2690634,81.74078473,Low,0.569497259,1
579,17,Male,Secondary,59.79165421,75.70481147,Low,0.832391042,1
580,18,Male,None,57.04014744,5.560552168,High,0.991624343,1
581,16,Female,Secondary,81.12068208,0.687796222,Low,0.163616204,1
582,15,Male,Secondary,89.06609279,21.24472772,Low,0.691777639,1
583,20,Female,None,78.91491997,66.35235939,Low,0.674293574,0
584,19,Female,Primary,57.34813548,41.11974889,Low,0.979955447,1
585,18,Female,Secondary,90.5561885,40.24062593,Low,0.985600734,0
586,15,Female,Primary,81.79773536,88.45868882,High,0.686678612,0
587,19,Female,Secondary,69.40828531,89.55628481,Low,0.243614792,1
588,15,Female,Primary,83.70651478,90.91752641,Middle,0.798555838,0
589,17,Female,None,62.99524896,31.38780765,Middle,0.107029134,1
590,15,Female,Primary,67.25961042,69.10558127,Middle,0.780699304,1
591,20,Male,Tertiary,95.87429216,27.16331813,High,0.910196124,1
592,15,Male,Tertiary,64.52522528,19.06098331,High,0.382833395,1
593,15,Male,Tertiary,73.49941341,18.46324573,Low,0.630635295,1
594,20,Male,Secondary,94.50705687,34.21076209,Middle,0.430142732,1
595,18,Female,Primary,85.38606751,42.99576198,Middle,0.437765055,0
596,15,Male,Secondary,53.11016131,83.09491711,High,0.310370889,1
597,20,Female,Secondary,57.36515221,11.98910935,Middle,0.76212962,1
598,19,Male,Tertiary,50.39207954,73.49258474,High,0.936176564,1
599,17,Male,None,81.54608951,53.14549142,Middle,0.940750859,0
600,17,Male,Secondary,72.38367127,28.79453427,Low,0.174781285,1
601,15,Female,Primary,56.71374255,49.28195845,Middle,0.87474365,1
602,18,Male,Primary,97.89670605,29.99420698,High,0.737431441,1
603,18,Female,Secondary,76.4829862,59.60819552,High,0.252837401,1
604,19,Female,Secondary,62.09466471,43.38439229,Low,0.067284613,1
605,15,Male,Primary,75.03017856,16.44055291,Middle,0.267997267,1
606,17,Male,Primary,83.98101664,11.65830746,Low,0.912208237,1
607,18,Male,Secondary,53.8119609,54.66956821,Low,0.633178675,1
608,15,Female,Secondary,63.73519075,90.24130333,Middle,0.721054661,1
609,18,Male,Tertiary,90.34827454,34.39576866,Low,0.257152351,1
610,20,Female,Tertiary,72.98324352,73.30001072,High,0.719388156,1
611,18,Female,Secondary,77.3288571,65.86613549,Low,0.028121506,1
612,17,Male,Primary,71.64080011,93.15549143,High,0.375321346,1
613,16,Male,Secondary,52.19499713,82.09810173,Low,0.626753349,1
614,19,Female,Secondary,58.28748899,56.66052589,Low,0.146096566,1
615,19,Female,Primary,72.27708194,65.70304982,Low,0.823003574,1
616,17,Female,Tertiary,60.45927327,89.83864666,Low,0.235031299,1
617,18,Male,None,52.49895143,39.95187846,Low,0.652281113,1
618,15,Female,Tertiary,92.1824832,32.67947059,Low,0.405197143,1
619,18,Male,Secondary,99.05962646,1.081108364,Middle,0.596043595,1
620,17,Female,Secondary,89.6571437,82.65510742,Low,0.107450553,1
621,19,Female,Secondary,92.68924609,80.09807004,Middle,0.0169128,1
622,18,Male,Tertiary,62.09885652,10.44545181,Low,0.909564427,1
623,19,Female,Secondary,98.03134878,57.68573811,High,0.269630009,1
624,15,Male,Secondary,59.84628522,46.39816982,High,0.819677003,1
625,19,Male,None,97.57149052,11.87090955,Middle,0.9993503,1
626,19,Female,Secondary,99.7409647,98.05682271,Low,0.211431258,1
627,16,Male,Primary,85.58614029,21.46958875,Low,0.265170741,1
628,16,Male,Secondary,99.05718659,6.723418009,High,0.662859788,1
629,20,Female,Secondary,78.47698898,59.48473795,Low,0.965448635,0
630,16,Male,Secondary,62.97708916,73.88666771,Low,0.915814348,1
631,19,Male,None,71.84979428,3.244344605,Low,0.50287552,1
632,17,Male,None,79.67804677,65.87176387,Low,0.795110283,0
633,19,Female,Secondary,53.6540781,53.2291876,Low,0.135745853,1
634,17,Male,None,81.11716323,10.32650089,Middle,0.977438184,1
635,17,Female,None,99.05889184,17.25238769,Low,0.964353234,1
636,16,Female,None,59.50538249,56.79742973,Middle,0.163728958,1
637,18,Male,Tertiary,89.62975581,29.63576135,Low,0.299423125,1
638,15,Male,Secondary,95.39493969,93.83157287,Low,0.100154998,1
639,16,Male,Primary,97.18507964,81.87402295,High,0.271717599,1
640,16,Female,Primary,98.00678022,98.35672065,Low,0.815955789,0
641,18,Male,Primary,76.07298194,25.9670839,High,0.378315607,1
642,15,Male,Secondary,98.8653954,96.97236328,Middle,0.088396967,1
643,19,Male,Secondary,87.86551036,43.12338698,Low,0.342225525,0
644,20,Male,Primary,58.08357181,34.75187953,High,0.981383334,1
645,20,Male,Primary,73.84500532,5.034952697,Low,0.629683595,1
646,19,Female,None,85.91655877,5.276525786,High,0.416160946,1
647,16,Female,Secondary,62.36701579,69.20112559,Low,0.166538513,1
648,15,Male,Secondary,82.03075918,45.79289944,High,0.986176797,0
649,16,Male,Primary,83.33002395,22.6521626,Low,0.820849009,1
650,17,Male,None,58.13498719,61.39703063,Middle,0.281477302,1
651,16,Male,None,78.25426562,25.28581183,Middle,0.070068696,1
652,16,Female,Tertiary,88.58134555,57.76317543,High,0.056625557,1
653,19,Male,Primary,74.94478323,35.9208747,High,0.12037815,1
654,19,Female,Secondary,50.60515584,82.35522266,High,0.580768584,1
655,19,Female,Secondary,50.45192345,82.06961608,High,0.928763421,1
656,20,Male,Primary,67.8514672,47.73503981,Low,0.496743428,1
657,17,Female,Primary,96.30970342,35.08191093,Low,0.842945482,1
658,19,Female,Primary,61.43383898,36.25597966,Low,0.44588662,1
659,15,Female,Secondary,81.71818444,80.57145257,Low,0.708583546,0
660,20,Female,Secondary,61.10379353,32.81794828,Low,0.731872737,1
661,18,Male,Secondary,66.08349948,20.90593737,Middle,0.173963706,1
662,15,Male,Secondary,92.40210448,8.468834188,Low,0.361216059,1
663,15,Female,None,86.44307211,46.66931209,Middle,0.637302157,0
664,19,Male,Tertiary,54.76996387,48.21320989,Low,0.070696608,1
665,18,Male,Secondary,71.43510105,84.09087104,Low,0.361540188,1
666,18,Male,Primary,51.45848818,22.12386964,Middle,0.534799466,1
667,20,Male,Tertiary,74.04450733,38.09912737,Middle,0.996224493,1
668,18,Male,Secondary,83.12170059,80.84057389,Middle,0.474533563,0
669,17,Female,Secondary,55.92513118,82.36236107,Middle,0.816056757,1
670,19,Male,Secondary,64.44424695,38.4611076,Low,0.432067285,1
671,18,Male,Tertiary,69.89183128,45.91240233,Middle,0.796390723,1
672,20,Male,Secondary,95.97655123,30.32858908,Low,0.595414802,1
673,17,Male,Primary,99.66275077,93.25548784,Low,0.886595442,0
674,16,Female,Primary,52.24556495,11.86437657,Middle,0.410942552,1
675,16,Female,Tertiary,88.05039617,93.3749423,Low,0.60430442,0
676,17,Female,Primary,68.58620332,68.38664518,Low,0.630018681,1
677,20,Female,Primary,69.62290931,53.15721527,High,0.417382942,1
678,17,Male,Secondary,87.71324867,3.265906078,High,0.144312044,1
679,19,Female,Secondary,95.92132161,47.55961918,Low,0.093559407,1
680,19,Male,Secondary,97.54642973,40.7748105,Low,0.016671551,1
681,16,Male,Tertiary,78.8561293,16.1218812,Low,0.873534264,1
682,18,Male,Primary,67.85605797,65.64096035,Low,0.236474912,1
683,20,Male,Primary,89.37745429,97.11509074,High,0.211506749,1
684,16,Male,Primary,62.55006916,56.21888111,Low,0.7360354,1
685,18,Female,Tertiary,78.20370144,71.47532764,Middle,0.320016113,0
686,18,Female,Secondary,67.92892308,6.845045257,Low,0.506044692,1
687,19,Female,Primary,82.83155369,41.76669958,High,0.162511065,1
688,15,Female,Tertiary,62.01994564,11.63584852,Low,0.959745721,1
689,15,Male,Tertiary,59.57964729,61.27958355,Middle,0.8515814,1
690,17,Female,Tertiary,95.91195433,93.84821582,Low,0.863789623,0
691,19,Male,Tertiary,55.09018415,66.17777325,Middle,0.406773749,1
692,18,Female,Primary,75.29789539,7.680304831,Low,0.762361214,1
693,20,Male,Secondary,61.04263915,35.4666205,Low,0.143876155,1
694,15,Male,Secondary,51.94649817,55.06633794,High,0.008619003,1
695,18,Female,Tertiary,51.80094091,40.32077561,High,0.019972933,1
696,15,Male,Secondary,58.76108861,83.36440105,High,0.586601737,1
697,15,Male,Secondary,93.33851773,81.46710047,Middle,0.455394905,0
698,15,Female,Secondary,64.1239372,61.18310201,High,0.518015349,1
699,20,Male,Primary,97.52295853,37.34579451,Low,0.00746314,1
700,19,Female,Secondary,79.08111465,25.53363738,Low,0.42268662,1
701,20,Female,Tertiary,71.83070949,10.58743182,Low,0.718068161,1
702,16,Female,Tertiary,79.00444173,35.48976835,Middle,0.442693702,1
703,18,Male,None,75.83491926,41.31725172,Low,0.732219206,0
704,19,Male,Primary,87.93881269,67.58229251,Low,0.233018964,1
705,19,Male,Primary,64.1248033,65.81598243,Middle,0.813142004,1
706,19,Female,Secondary,67.65251958,7.010813964,High,0.58843124,1
707,19,Male,Tertiary,94.70471513,39.52593154,Low,0.210763099,1
708,20,Female,Primary,97.32282566,18.17788672,Low,0.236720476,1
709,19,Female,Secondary,94.62791137,15.68127053,Low,0.628030465,1
710,17,Male,Tertiary,70.9723997,82.73021497,Low,0.829939593,1
711,18,Female,Secondary,89.01827515,4.191521672,Low,0.415627782,1
712,19,Male,Secondary,73.81678667,41.91828759,Middle,0.258300429,1
713,18,Male,Secondary,74.87699261,16.82036558,Middle,0.867011607,1
714,17,Male,Secondary,60.23400545,87.93302157,Middle,0.669268292,1
715,17,Male,Primary,79.55651516,55.70405133,Low,0.448085487,0
716,18,Male,Secondary,59.30679489,23.13806364,High,0.487900195,1
717,15,Female,Secondary,66.57823495,50.24272872,Low,0.204256468,1
718,16,Female,Tertiary,92.75151008,73.14863597,Middle,0.62680263,0
719,15,Female,Secondary,60.35379046,95.81180089,High,0.358742511,1
720,15,Male,Secondary,53.55791426,22.04460042,Low,0.995645177,1
721,20,Male,Primary,53.45037963,88.61817721,Low,0.480183515,1
722,15,Male,Secondary,97.03922603,93.43041142,High,0.485885606,0
723,19,Female,None,75.3460219,91.64205445,Low,0.565851787,0
724,20,Male,Primary,70.47060359,63.54143569,Middle,0.916756003,1
725,20,Female,Secondary,90.54392905,62.98206544,Low,0.8008181,0
726,17,Female,Tertiary,91.7912964,40.32106332,Middle,0.45113007,0
727,15,Male,None,66.60955166,75.23978823,Low,0.718699266,1
728,17,Male,Secondary,84.68090287,53.12940184,Low,0.586235499,0
729,18,Female,Tertiary,88.55614079,67.74380712,Middle,0.492367049,0
730,16,Male,Primary,82.73253434,42.84579038,Low,0.192315773,1
731,20,Female,Secondary,57.57975374,73.1496464,Low,0.463936263,1
732,18,Male,Secondary,93.79415418,82.44715176,Low,0.245818587,1
733,18,Male,Secondary,76.95472764,14.64362566,Low,0.91484215,1
734,19,Female,Primary,64.12362132,83.29297156,Low,0.335406813,1
735,16,Male,Primary,71.26140927,54.02965318,Low,0.952264015,1
736,18,Female,Secondary,51.87855452,84.46659091,High,0.53305529,1
737,18,Male,Secondary,56.39334006,43.13017063,Low,0.631544379,1
738,16,Female,None,88.27733753,37.90404854,Middle,0.542940444,1
739,16,Female,Secondary,50.00058174,91.50607325,Low,0.129380617,1
740,18,Male,None,70.82829142,25.11692675,Low,0.375821219,1
741,16,Female,Secondary,76.12550905,84.42123253,High,0.099146112,1
742,18,Male,Primary,52.731721,48.40205725,Low,0.622954044,1
743,18,Male,Tertiary,98.65390815,51.40954426,High,0.446874195,0
744,19,Male,Primary,61.30626656,30.84682815,Low,0.777984972,1
745,15,Female,Primary,65.20993598,57.30422006,Middle,0.220470481,1
746,18,Female,Primary,65.19712561,32.52111963,Middle,0.164566058,1
747,17,Male,Primary,61.52083311,3.926941424,High,0.406332231,1
748,20,Male,Tertiary,50.0736911,27.19986053,Middle,0.926585383,1
749,15,Female,Tertiary,86.4672397,0.637904341,Middle,0.710421815,1
750,15,Male,Primary,98.34227499,97.83547871,Low,0.418923625,0
751,15,Male,Secondary,61.21467416,96.57472098,Low,0.51727217,1
752,19,Female,Secondary,83.15235959,39.51552975,High,0.084213011,1
753,18,Male,Tertiary,87.09481635,72.83708543,Low,0.984575896,0
754,19,Female,Secondary,92.42126895,34.58060984,Low,0.666407305,1
755,18,Male,Primary,71.13145985,67.10931571,Middle,0.285404068,1
756,19,Female,Secondary,65.14654528,80.5430043,Low,0.585808394,1
757,19,Male,Secondary,66.2647567,94.67562447,High,0.109482366,1
758,20,Male,None,85.63106665,40.02122758,Middle,0.965836669,0
759,17,Female,Secondary,90.83897333,78.3297983,Middle,0.174784988,1
760,19,Male,Primary,59.08069839,26.59284506,High,0.648030318,1
761,20,Female,Secondary,68.54705041,99.03323038,Low,0.245454463,1
762,16,Male,None,95.09700984,2.576959876,Low,0.717561383,1
763,17,Female,Secondary,90.33467598,60.35288065,Middle,0.776821367,0
764,19,Female,Secondary,99.24292014,65.95059817,Low,0.673419729,0
765,15,Female,Secondary,87.71241298,68.80455571,Middle,0.61449946,0
766,16,Female,None,69.65976005,12.03875788,High,0.892469094,1
767,16,Male,Secondary,79.5318917,93.85297835,Middle,0.078626711,1
768,20,Male,Secondary,83.05071271,18.11832791,Low,0.330914766,1
769,16,Female,Secondary,53.92279082,62.27534032,High,0.24828748,1
770,17,Female,Secondary,77.22484796,22.26760791,Middle,0.988013962,1
771,19,Female,Secondary,85.46604142,30.7216417,Middle,0.38938978,1
772,19,Male,Tertiary,58.3660652,54.64585417,Low,0.732612699,1
773,15,Male,Primary,89.03158587,41.71934186,High,0.684725164,0
774,20,Male,Tertiary,79.18863903,16.0225601,Middle,0.212081237,1
775,15,Male,Secondary,97.61108928,17.09364024,Middle,0.23899768,1
776,16,Female,None,52.12111491,41.81447882,High,0.281284564,1
777,15,Female,None,63.26630688,75.72829783,Low,0.411127278,1
778,17,Female,Primary,80.07769396,89.79646468,Middle,0.234325066,1
779,19,Male,Secondary,64.82799561,8.412766226,High,0.019651483,1
780,16,Male,Secondary,85.7212082,39.31039076,Low,0.879393057,1
781,15,Male,Secondary,87.95026413,10.02455637,Middle,0.965609831,1
782,20,Female,Secondary,55.1257982,1.659248063,High,0.341570387,1
783,17,Female,Secondary,75.69272321,66.17186826,Middle,0.338506879,0
784,17,Male,Primary,75.44452778,60.2449442,Middle,0.007091813,1
785,15,Female,Primary,68.46403851,16.30191138,High,0.680250688,1
786,19,Male,Secondary,96.64624313,23.38128331,High,0.825439896,1
787,15,Male,None,91.37531599,2.370775364,Low,0.1466083,1
788,16,Female,Primary,84.8604691,83.49472057,Low,0.159666349,1
789,15,Male,Secondary,85.71633179,97.4690596,Middle,0.79008325,0
790,17,Female,Secondary,73.08580719,13.54595368,Middle,0.616290748,1
791,15,Male,Tertiary,96.04972605,23.14752138,Middle,0.044860558,1
792,19,Female,Tertiary,84.72977136,86.84095239,Middle,0.62254699,0
793,20,Female,Secondary,86.44905308,92.6463798,Low,0.308917723,0
794,18,Female,Secondary,93.08454519,41.96273828,Middle,0.368725155,0
795,15,Male,Secondary,63.70357947,5.062247227,Low,0.769731418,1
796,19,Male,Secondary,90.35354519,3.939183369,Middle,0.810935193,1
797,19,Female,Primary,59.76203015,57.39498661,Middle,0.400356627,1
798,20,Female,Secondary,67.26709761,39.28951089,Low,0.947152936,1
799,17,Male,Tertiary,66.78052271,2.865242758,Low,0.406462718,1
800,19,Male,Primary,98.92627342,58.32523923,Middle,0.771836035,0
801,19,Male,Secondary,92.82686119,1.130253659,Middle,0.483877265,1
802,19,Female,Secondary,85.05849308,78.73719581,Low,0.897532327,0
803,19,Male,Primary,86.35283808,30.64328227,High,0.907761244,1
804,16,Male,Primary,78.10363972,4.025800301,Middle,0.087416808,1
805,16,Female,Primary,97.35453336,58.8352221,High,0.936493331,0
806,17,Male,None,74.81293764,39.76844144,Middle,0.825534842,1
807,15,Male,None,69.02588549,97.38004134,Middle,0.791310714,1
808,19,Male,Tertiary,58.15176685,54.41986625,High,0.20091134,1
809,20,Female,Primary,89.31028261,27.5239181,Middle,0.805119209,1
810,15,Female,Secondary,86.7221966,70.94388646,Middle,0.850132735,0
811,20,Female,Primary,69.21775193,27.14920025,Low,0.289150334,1
812,15,Female,Tertiary,51.2596707,90.42432914,Middle,0.952260078,1
813,17,Female,Primary,91.94986639,37.47219705,Low,0.049860146,1
814,19,Female,Secondary,50.57089917,54.98685628,Low,0.149909253,1
815,19,Female,Tertiary,85.18498898,5.057310382,Low,0.537581138,1
816,18,Male,Tertiary,98.51285549,42.6121238,Low,0.575792471,0
817,20,Male,Primary,71.88306641,83.23635397,High,0.645150083,1
818,15,Female,Tertiary,61.74867025,80.56488054,Low,0.016969129,1
819,15,Male,Secondary,85.2435505,22.43185589,Middle,0.960366775,1
820,16,Male,Secondary,90.8564071,22.6079071,High,0.044588093,1
821,18,Female,Primary,77.3215158,81.73053122,Middle,0.143061953,1
822,16,Male,None,98.35176376,93.03984202,Low,0.014014518,1
823,16,Male,Secondary,52.58343608,9.536092127,Middle,0.566858433,1
824,16,Male,Secondary,75.23977992,45.00586394,Middle,0.932266884,0
825,20,Male,Secondary,85.92269737,33.7454279,Middle,0.665947166,1
826,20,Male,Secondary,93.13202356,87.06884555,Middle,0.822657468,0
827,17,Female,Secondary,58.9627806,8.352491468,High,0.013281203,1
828,17,Female,Primary,90.00017409,21.11259426,Middle,0.542015298,1
829,16,Female,Secondary,77.63535379,75.24683376,Low,0.459562978,0
830,18,Male,Primary,69.8276841,5.129384898,Middle,0.498967944,1
831,15,Female,Secondary,56.58575143,49.25353807,Low,0.072213185,1
832,20,Male,Secondary,93.26478795,44.21070347,High,0.684435361,0
833,18,Male,Tertiary,57.86366041,33.4401179,Low,0.503220415,1
834,19,Male,None,65.48939296,39.45723153,Low,0.76514885,1
835,20,Male,None,64.5022766,52.99405869,High,0.485290634,1
836,20,Female,Primary,93.57070171,16.13673584,Middle,0.149381636,1
837,17,Female,Primary,83.63514971,57.19958783,Low,0.648256954,0
838,15,Male,Primary,89.83406986,80.54323293,Middle,0.172386362,1
839,15,Female,Tertiary,62.52339494,76.01609298,High,0.872394563,1
840,19,Male,Primary,81.24370498,15.38999047,Low,0.613116239,1
841,19,Female,Primary,78.58729916,14.92494697,High,0.157203884,1
842,20,Female,Secondary,91.64151884,26.81743677,Low,0.962338057,1
843,16,Male,Secondary,95.30435302,36.10747263,Middle,0.518365463,1
844,17,Female,Secondary,50.60783857,40.84555814,High,0.072898452,1
845,17,Male,None,83.70099595,67.96972168,Low,0.626832904,0
846,20,Female,Secondary,52.59178996,5.668043217,Middle,0.253198907,1
847,18,Male,None,77.44293325,3.467270423,Low,0.803693452,1
848,16,Male,None,64.38163645,39.19105629,Middle,0.817822074,1
849,20,Female,Tertiary,65.33882998,69.71636921,Middle,0.978947356,1
850,16,Female,Primary,67.64792517,19.3435343,Middle,0.501869531,1
851,16,Male,Secondary,81.06462245,64.15044813,Low,0.45495688,0
852,16,Female,Secondary,66.70249828,25.98281379,Low,0.753475605,1
853,20,Female,Primary,86.63495253,88.60861088,Low,0.132470656,1
854,17,Male,Tertiary,70.22636928,89.56899443,Low,0.546915514,1
855,17,Male,None,53.41766002,29.72872043,Middle,0.5462476,1
856,16,Female,Secondary,89.18799212,22.9993754,High,0.089473123,1
857,18,Male,Tertiary,64.28791623,41.13039721,Middle,0.417984086,1
858,15,Male,Secondary,71.63834398,24.05315852,Middle,0.853284799,1
859,20,Male,Tertiary,84.27219416,67.23838433,High,0.856153622,0
860,15,Female,None,66.62280786,82.60646845,Middle,0.099237665,1
861,18,Female,Secondary,52.82928281,67.30921309,High,0.090720883,1
862,20,Male,Primary,68.69605235,82.43504472,Middle,0.262695477,1
863,16,Female,Secondary,97.22242913,39.69921622,Low,0.874766063,1
864,17,Male,Tertiary,82.08671986,15.63169707,Low,0.128902585,1
865,15,Female,Primary,83.57395743,73.79509474,Middle,0.719996803,0
866,19,Male,Secondary,81.61410768,36.04745051,Low,0.10116562,1
867,19,Male,Primary,59.94960695,67.12708252,Low,0.623137854,1
868,18,Female,Secondary,70.91669321,27.0643942,Middle,0.356067299,1
869,16,Male,Secondary,87.54698992,8.122963481,Middle,0.788913963,1
870,15,Female,Tertiary,55.06864488,99.25817955,Middle,0.233690449,1
871,16,Female,Secondary,63.8926388,15.62015079,Low,0.639201829,1
872,15,Male,Primary,63.81595542,98.8420994,Low,0.235682535,1
873,18,Male,Primary,71.60094638,97.72799326,Middle,0.713660283,1
874,18,Female,Primary,99.01843705,79.38181039,High,0.873678035,0
875,19,Male,Primary,53.37512733,65.94229621,Middle,0.126801799,1
876,16,Male,Primary,75.93504972,57.78070503,High,0.866595689,0
877,20,Male,Tertiary,58.9682341,86.61015454,Middle,0.593575254,1
878,19,Male,Secondary,98.53382727,28.94395216,Middle,0.127110491,1
879,16,Male,Secondary,55.66517524,46.76812125,Low,0.427541855,1
880,19,Female,Primary,70.18005012,61.93899694,Middle,0.160860293,1
881,20,Female,Tertiary,86.89424924,41.11904759,Middle,0.700347889,0
882,17,Male,Secondary,85.2277214,42.74864541,Middle,0.758868134,0
883,17,Male,None,71.13643184,33.02846675,Middle,0.10579652,1
884,17,Male,Secondary,67.3262084,56.42318167,Middle,0.506139853,1
885,17,Female,Secondary,69.88061893,85.0574528,Low,0.814625056,1
886,15,Male,None,63.21381316,20.1528378,Middle,0.936163042,1
887,17,Female,Secondary,60.26664694,93.44330388,Low,0.513517867,1
888,20,Female,Secondary,74.15198488,68.90876537,High,0.950279224,1
889,18,Female,Primary,63.4266878,82.32732127,Low,0.53568897,1
890,18,Male,Tertiary,64.37308324,55.61906926,Low,0.394190495,1
891,15,Female,Tertiary,82.83780317,77.95167014,Middle,0.848203129,0
892,17,Male,Secondary,98.42686658,1.620039734,Middle,0.49298271,1
893,17,Female,Secondary,80.18186003,81.83804248,Middle,0.471902511,0
894,17,Male,Secondary,53.84897335,4.013885909,Low,0.490312489,1
895,19,Female,Secondary,53.77918069,88.99133764,Middle,0.846785002,1
896,16,Male,Secondary,97.57116104,99.19627472,Low,0.831941542,0
897,19,Female,None,64.86453952,29.40674622,High,0.403519992,1
898,16,Male,Secondary,54.6033493,21.03185563,High,0.33329986,1
899,17,Male,Tertiary,79.95222936,76.53633639,Middle,0.491928024,0
900,17,Male,Secondary,81.18243891,25.30263409,Low,0.57277251,1
901,19,Male,None,82.42524101,86.55623832,Middle,0.238337211,1
902,19,Female,Secondary,63.37010139,10.28425922,Low,0.793955085,1
903,16,Female,Primary,50.75553421,12.59551964,Middle,0.486482766,1
904,18,Male,Primary,98.25076847,97.91515551,Low,0.334045548,0
905,16,Female,Primary,62.54465228,67.38388983,High,0.106820993,1
906,19,Male,Primary,83.8013144,84.68872244,Low,0.23884516,1
907,20,Male,Secondary,85.33149349,32.43293774,Middle,0.949281172,1
908,19,Female,Secondary,80.50037085,67.64837495,Middle,0.305099687,0
909,20,Male,Primary,65.64536971,59.42418273,Middle,0.168859289,1
910,15,Male,Tertiary,63.55481269,60.31501201,Low,0.460672792,1
911,19,Female,Tertiary,79.88341414,68.25324595,High,0.307087743,0
912,15,Male,Tertiary,93.30478168,57.53591731,Middle,0.03515925,1
913,18,Male,Primary,97.33668645,42.90623693,Middle,0.323145217,0
914,16,Male,Secondary,55.29529022,27.59226944,Low,0.544108624,1
915,20,Male,Tertiary,57.74143063,76.85813309,Middle,0.551712372,1
916,16,Female,Secondary,97.23681294,22.627243,Middle,0.356558921,1
917,15,Female,None,86.82676142,69.23543062,Low,0.447302756,0
918,20,Female,None,94.14969124,23.33328226,Low,0.965517918,1
919,16,Male,Secondary,60.13163171,62.533017,High,0.377348477,1
920,19,Male,Tertiary,79.37929356,74.70782671,Low,0.258226813,1
921,17,Female,Secondary,85.05697972,21.87138889,Low,0.243467044,1
922,15,Male,Secondary,84.00559427,5.994330086,Middle,0.457764613,1
923,16,Male,Primary,70.40758454,13.0973743,Middle,0.759520149,1
924,15,Male,Secondary,50.76974458,60.59969673,Low,0.205988184,1
925,15,Male,Tertiary,79.14630284,84.94464062,Middle,0.709296127,0
926,20,Female,Primary,62.65507696,4.499682124,Low,0.021149823,1
927,20,Female,Secondary,72.51271231,73.4151259,Low,0.418932978,1
928,17,Female,Tertiary,97.87905075,34.1318646,Low,0.775865065,1
929,19,Male,Primary,69.95176588,47.85283699,High,0.338732956,1
930,15,Female,Secondary,91.99008033,92.88595498,Low,0.563737101,0
931,16,Female,Primary,59.42703029,33.19715047,Low,0.204979233,1
932,18,Male,Secondary,83.6230249,46.53369339,Middle,0.741995391,0
933,15,Male,Secondary,98.85034772,1.368241476,High,0.052279103,1
934,15,Female,Secondary,55.09465504,8.159872,Low,0.852542645,1
935,17,Female,Secondary,50.41599711,25.85915911,Middle,0.198196386,1
936,19,Female,Primary,71.67913963,2.785224082,Low,0.874398032,1
937,18,Female,Tertiary,54.63127415,63.1375326,Middle,0.352529241,1
938,20,Male,Secondary,87.41921748,42.63983568,Middle,0.722683574,0
939,20,Female,Primary,95.72743319,54.81452027,Middle,0.319225298,0
940,16,Female,Secondary,71.70104864,17.46471859,Low,0.905911671,1
941,18,Male,Secondary,62.93558211,29.59320294,Low,0.126637126,1
942,20,Female,Primary,71.72016595,66.38244749,Low,0.178519789,1
943,16,Male,Tertiary,86.17239089,96.53027236,Low,0.493030125,0
944,19,Male,Tertiary,50.45270808,5.04167736,Low,0.081938439,1
945,16,Male,Primary,79.47269947,89.03843209,Middle,0.195980185,1
946,20,Female,Tertiary,80.66458424,57.68812013,High,0.943766382,0
947,17,Female,Primary,81.88441234,56.39195668,High,0.976489661,0
948,17,Male,Primary,62.101104,50.02785352,High,0.376259329,1
949,17,Female,Primary,85.70263617,6.93940859,Middle,0.923286021,1
950,20,Female,Tertiary,54.56957432,8.987685174,Middle,0.544824676,1
951,17,Male,Secondary,59.96351682,60.09120057,Low,0.269742466,1
952,18,Male,Primary,93.87350233,34.09585714,Middle,0.702398721,1
953,19,Female,Secondary,86.93615754,91.72680666,Middle,0.658901807,0
954,16,Male,Secondary,50.6872777,40.65905374,Middle,0.989125319,1
955,16,Female,None,62.41881302,14.32814587,Middle,0.265047287,1
956,20,Female,Tertiary,60.72032415,71.47188335,Low,0.672059503,1
957,17,Female,Tertiary,63.5403164,29.33534214,Low,0.052023755,1
958,17,Female,Secondary,62.37798851,52.54703074,High,0.113646039,1
959,15,Male,Tertiary,53.12631479,69.78327855,Low,0.003918375,1
960,19,Male,Secondary,72.94702583,90.02641112,Middle,0.999460681,1
961,18,Male,Tertiary,86.63667374,79.21911948,High,0.802273697,0
962,16,Male,Secondary,80.33658624,67.63610679,Middle,0.786723015,0
963,15,Female,Secondary,83.64358343,67.96331824,Middle,0.509726075,0
964,15,Female,Primary,54.05745893,94.5924644,Low,0.300067083,1
965,20,Male,Tertiary,97.57453551,29.58240975,Low,0.151264284,1
966,16,Female,Secondary,91.92459169,0.11120942,High,0.284674739,1
967,20,Female,Primary,90.25451592,27.19545594,Middle,0.375971222,1
968,18,Female,None,91.14919025,21.78913796,Middle,0.756310097,1
969,15,Male,Secondary,96.63552541,66.18345851,Low,0.539661789,0
970,15,Male,Secondary,77.21269831,63.37115998,Low,0.077483627,1
971,19,Male,Secondary,60.01410089,59.34613827,High,0.018029009,1
972,18,Female,Tertiary,80.83918039,1.624344321,Low,0.10233218,1
973,15,Male,None,87.14407468,72.87780545,Middle,0.410498714,0
974,18,Male,Secondary,86.89586967,32.35304125,Low,0.933192917,1
975,16,Male,Primary,76.07245121,66.5055989,Middle,0.637402481,0
976,17,Male,Tertiary,53.42293597,55.65784285,High,0.8018259,1
977,15,Male,Tertiary,68.55564692,34.27309254,Middle,0.466374595,1
978,19,Male,Secondary,96.03833042,13.45762671,Low,0.361666083,1
979,16,Female,Secondary,79.22244549,9.441889766,Middle,0.108400373,1
980,18,Female,Primary,76.91659716,83.15183331,Middle,0.875933022,0
981,20,Male,Secondary,63.44267572,91.83975421,Middle,0.783160029,1
982,16,Male,Tertiary,68.422446,64.97880468,High,0.168118098,1
983,15,Female,Secondary,94.76730446,10.34341149,Middle,0.512260564,1
984,18,Female,Primary,83.32315238,40.20272169,High,0.487374808,0
985,17,Male,Secondary,89.36935134,72.89392001,Middle,0.625091553,0
986,16,Male,Tertiary,72.71727115,77.9820884,Low,0.946186894,1
987,15,Male,Primary,81.51236097,11.82186223,Low,0.579771442,1
988,19,Male,Primary,62.41918044,0.003071885,Low,0.540217267,1
989,20,Female,Secondary,85.27304151,71.21370459,High,0.050322933,1
990,18,Male,Tertiary,71.38006669,35.6596176,Middle,0.062907476,1
991,16,Male,Primary,72.12727574,25.44813316,Middle,0.187346791,1
992,16,Male,Primary,82.46611623,1.289746979,Low,0.032470772,1
993,17,Male,Primary,96.81403107,54.02994068,Low,0.743352896,0
994,17,Female,Primary,53.20031733,85.11507354,Middle,0.723330304,1
995,19,Female,Secondary,91.23716187,95.76316463,Middle,0.136056234,1
996,20,Female,Secondary,64.61915552,56.57449506,Low,0.836078901,1
997,19,Male,Secondary,72.19597273,51.44613277,Middle,0.154786035,1
998,15,Male,Secondary,51.09566644,8.505638549,Low,0.301175587,1
999,15,Female,Primary,65.05230389,54.88728015,Low,0.248976899,1
1000,19,Male,Tertiary,75.13156213,37.9979079,Middle,0.372307099,1
